ID;Name;Bezirk;Strasse;PLZ;Stadt;Startdatum;Enddatum;Eintritt;URL;Google-Adresse
1;Weihnachtsmarkt an der Gedächtniskirche;Charlottenburg-Wilmersdorf;Breitscheidplatz 1;10789;Berlin;26.11.2012;01.01.2013;0,00 €;http://www.weihnachteninberlin.de/weihnachtsmaerkte/charlottenburg-wilmersdorf/971524-1323017-weihnachtsmarktanderged%C3%A4chtniskirche.html;Breitscheidplatz 1, 10789 Berlin, Deutschland
2;Weihnachtsmarkt Schloss Charlottenburg;Charlottenburg-Wilmersdorf;Spandauer Damm 10;14059;Berlin;26.11.2012;26.12.2012;0,00 €;http://www.weihnachteninberlin.de/weihnachtsmaerkte/charlottenburg-wilmersdorf/971607-1323017-weihnachtsmarktschlosscharlottenburg.html;Spandauer Damm 10, 14059 Berlin, Deutschland
3;Weihnachtsmarkt vor dem Bröhan-Museum;Charlottenburg-Wilmersdorf;Schlossstr. 1A;14059;Berlin;;;0,00 €;http://www.weihnachteninberlin.de/weihnachtsmaerkte/charlottenburg-wilmersdorf/1308500-1323017-weihnachtsmarktvordembr%C3%B6hanmuseum.html;Schlossstr. 1A, 14059 Berlin, Deutschland
4;Weihnachtsmarkt im St.-Michaels-Heim Grunewald;Charlottenburg-Wilmersdorf;Bismarckallee 23;14193;Berlin;30.11.2012;02.12.2013;0,00 €;http://www.weihnachteninberlin.de/weihnachtsmaerkte/charlottenburg-wilmersdorf/1320584-1323017-weihnachtsmarktimstmichaelsheimgrunewald.html;Bismarckallee 23, 14193 Berlin, Deutschland
5;Weihnachtsmarkt rund um die Grunewaldkirche;Charlottenburg-Wilmersdorf;Grunewaldkirche, Bismarckallee 28B;14193;Berlin;02.12.2012;02.12.2012;0,00 €;http://www.weihnachteninberlin.de/weihnachtsmaerkte/charlottenburg-wilmersdorf/1013152-1323017-weihnachtsmarktrundumdiegrunewaldkirche.html;Grunewaldkirche, Bismarckallee 28B, 14193 Berlin, Deutschland
6;Weihnachtsmarkt in Berlin-Halensee;Charlottenburg-Wilmersdorf;Henriettenplatz;10711;Berlin;01.12.2012;23.12.2012;1,00 €;http://www.weihnachteninberlin.de/weihnachtsmaerkte/charlottenburg-wilmersdorf/1015564-1323017-kunsthandwerklicherweihnachtsmarktinberl.html;Henriettenplatz, 10711 Berlin, Deutschland
7;Schwedischer Weihnachtsbasar;Charlottenburg-Wilmersdorf;Die Schwedische Viktoriagemeinde, Landhausstraße 26-28;10717;Berlin;01.12.2012;02.12.2012;0,00 €;http://www.weihnachteninberlin.de/weihnachtsmaerkte/charlottenburg-wilmersdorf/1307870-1323017-schwedischerweihnachtsbasar.html;Die Schwedische Viktoriagemeinde, Landhausstraße 26-28, 10717 Berlin, Deutschland
8;Dänischer Weihnachtsmarkt;Charlottenburg-Wilmersdorf;Brienner Straße 12;10713;Berlin;01.12.2012;02.12.2012;0,00 €;http://www.weihnachteninberlin.de/weihnachtsmaerkte/charlottenburg-wilmersdorf/1307884-1323017-d%C3%A4nischerweihnachtsmarkt.html;Brienner Straße 12, 10713 Berlin, Deutschland
9;Weihnachtsmarkt in der Wilmersdorfer Straáe;Charlottenburg-Wilmersdorf;Wilmersdorfer Straße;10627;Berlin;28.11.2012;29.12.2012;0,00 €;http://www.weihnachteninberlin.de/weihnachtsmaerkte/charlottenburg-wilmersdorf/1318187-1323017-weihnachtsmarktinwilmersdorferstra%C3%9Fe.html;Wilmersdorfer Straße, 10627 Berlin, Deutschland
10;Nikolausmarkt im Rundhof des Rathaus Wilmersdorf;Charlottenburg-Wilmersdorf;Fehrbelliner Platz 4;10702;Berlin;06.12.2012;06.12.2012;0,00 €;http://www.weihnachteninberlin.de/weihnachtsmaerkte/charlottenburg-wilmersdorf/1320725-1323017-nikolausmarktimrundhofdesrathauswilmersd.html;Fehrbelliner Platz 4, 10702 Berlin, Deutschland
11;Weihnachtsmarkt am Klausener Platz;Charlottenburg-Wilmersdorf;Klausener Platz 1;14059;Berlin;08.12.2012;08.12.2012;0,00 €;http://www.weihnachteninberlin.de/weihnachtsmaerkte/charlottenburg-wilmersdorf/1321588-1323017-weihnachtsmarktamklausenerplatz.html;Klausener Platz 1, 14059 Berlin, Deutschland
12;Design Weihnachtsmarkt im Ku'damm 101;Charlottenburg-Wilmersdorf;Hotel Ku' Damm 101, Kurfürstendamm 101;10711;Berlin;;;;http://www.weihnachteninberlin.de/weihnachtsmaerkte/charlottenburg-wilmersdorf/1322794-1323017-designweihnachtsmarktimkudamm101.html;Hotel Ku' Damm 101, Kurfürstendamm 101, 10711 Berlin, Deutschland
13;Weihnachten in Westend;Charlottenburg-Wilmersdorf;Preuáenallee;14052;Berlin;22.12.2012;23.12.2012;0,00 €;http://www.weihnachteninberlin.de/weihnachtsmaerkte/charlottenburg-wilmersdorf/2772887-1323017-weihnachten-in-westend.html;Preuáenallee, 14052 Berlin, Deutschland
14;30. Weihnachtsmarkt in der Lindenkirche;Charlottenburg-Wilmersdorf;Homburger Str. 49;14197;Berlin;08.12.2012;08.12.2012;0,00 €;http://www.weihnachteninberlin.de/weihnachtsmaerkte/charlottenburg-wilmersdorf/2805550-1323017-30-weihnachtsmarkt-in-der-lindenkirche.html;Homburger Str. 49, 14197 Berlin, Deutschland
15;Adventsmarkt im Ökowerk;Charlottenburg-Wilmersdorf;Naturschutzzentrum Ökowerk, Teufelsseechaussee 22;14193;Berlin;;;0,00 €;http://www.weihnachteninberlin.de/weihnachtsmaerkte/charlottenburg-wilmersdorf/2183410-1323017-adventsmarkt-im-oekowerk.html;Naturschutzzentrum Ökowerk, Teufelsseechaussee 22, 14193 Berlin, Deutschland
16;Vorweihnachtlicher Berliner Naschmarkt am 2. Advent;Friedrichshain-Kreuzberg;Markthalle IX, Eisenbahnstr. 42;10997;Berlin;09.12.2012;09.12.2012;0,00 €;http://www.weihnachteninberlin.de/weihnachtsmaerkte/friedrichshain-kreuzberg/2846305-1328115-internationale-weihnachten-im-berliner-h.html;Markthalle IX, Eisenbahnstr. 42, 10997 Berlin, Deutschland
17;1. Kultur-Winter Markt;Friedrichshain-Kreuzberg;Prinzenstraße 35-38;10969;Berlin;29.11.2012;23.12.2012;0,00 €;http://www.weihnachteninberlin.de/weihnachtsmaerkte/friedrichshain-kreuzberg/971617-1328115-berlinlachtkulturweihnachtsmarkt.html;Prinzenstraße 35-38, 10969 Berlin, Deutschland
18;KiezWeihnacht 2012;Friedrichshain-Kreuzberg;Samariterstraße 14;10247;Berlin;15.12.2012;16.12.2012;0,00 €;http://www.weihnachteninberlin.de/weihnachtsmaerkte/friedrichshain-kreuzberg/1292692-1328115-kiezweihnacht.html;Samariterstraße 14, 10247 Berlin, Deutschland
19;handmade supermarket: X-mas Edition;Friedrichshain-Kreuzberg;Markthalle IX, Eisenbahnstr. 42;10997;Berlin;02.12.2012;16.12.2012;0,00 €;http://www.weihnachteninberlin.de/weihnachtsmaerkte/friedrichshain-kreuzberg/2165473-1328115-handmade-supermarket-xmas-edition.html;Markthalle IX, Eisenbahnstr. 42, 10997 Berlin, Deutschland
20;Finnischer Weihnachtsmarkt;Friedrichshain-Kreuzberg;Finnland-Zentrum, Schleiermacherstraße 24A;10961;Berlin;24.11.2012;25.11.2012;0,00 €;http://www.weihnachteninberlin.de/weihnachtsmaerkte/friedrichshain-kreuzberg/1325919-1328115-finnischerweihnachtsmarkt.html;Finnland-Zentrum, Schleiermacherstraße 24A, 10961 Berlin, Deutschland
21;Stralauer Weihnachtsmarkt;Friedrichshain-Kreuzberg;Am Speicher 1;10245;Berlin;;;;http://www.weihnachteninberlin.de/weihnachtsmaerkte/friedrichshain-kreuzberg/1304413-1328115-stralauerweihnachtsmarkt.html;Am Speicher 1, 10245 Berlin, Deutschland
22;19. Lichtermarkt am Rathaus Lichtenberg;Lichtenberg;Möllendorffstraße 6;10367;Berlin;02.12.2012;02.12.2012;0,00 €;http://www.weihnachteninberlin.de/weihnachtsmaerkte/lichtenberg/1304430-1328116-lichtermarktamrathauslichtenberg.html;Möllendorffstraße 6, 10367 Berlin, Deutschland
23;Zille-Weihnachtsmarkt in der Victoriastadt;Lichtenberg;Tuchollaplatz;10317;Berlin;16.12.2012;16.12.2012;0,00 €;http://www.weihnachteninberlin.de/weihnachtsmaerkte/lichtenberg/2833544-1328116-zilleweihnachtsmarkt-in-der-victoriastad.html;Tuchollaplatz, 10317 Berlin, Deutschland
24;Mittelalterlicher Weihnachtsmarkt in Karlshorst;Lichtenberg;Ehrenfelsstraße 7;10318;Berlin;07.12.2012;09.12.2012;0,00 €;http://www.weihnachteninberlin.de/weihnachtsmaerkte/lichtenberg/1326334-1328116-weihnachtsmarktinkarlshorst.html;Ehrenfelsstraße 7, 10318 Berlin, Deutschland
25;Weihnachtsmarkt im Linden-Center;Lichtenberg;Prerower Platz 1;13051;Berlin;26.11.2012;24.12.2012;0,00 €;http://www.weihnachteninberlin.de/weihnachtsmaerkte/lichtenberg/2824542-1328116-weihnachtsmarkt-naturschutzstation-malch.html;Prerower Platz 1, 13051 Berlin, Deutschland
26;Weihnachtsmarkt Naturschutzstation Malchow;Lichtenberg;Naturschutzstation Malchow, Dorfstraße 35;13051;Berlin;02.12.2012;02.12.2012;0,00 €;http://www.weihnachteninberlin.de/weihnachtsmaerkte/lichtenberg/2176121-1328116-weihnachtsmarkt-naturschutzstation-malch.html;Naturschutzstation Malchow, Dorfstraße 35, 13051 Berlin, Deutschland
27;Wartenberger Sternenmarkt;Lichtenberg;Dorfstraße 2;13059;Berlin;;;;http://www.weihnachteninberlin.de/weihnachtsmaerkte/lichtenberg/1315544-1328116-wartenbergersternenmarkt.html;Dorfstraße 2, 13059 Berlin, Deutschland
28;Adventsmarkt Alt-Marzahn;Marzahn-Hellersdorf;Dorfkirche Marzahn, Alt-Marzahn 61;12685;Berlin;02.12.2012;02.12.2012;0,00 €;http://www.weihnachteninberlin.de/weihnachtsmaerkte/marzahn-hellersdorf/2160185-1328117-adventsmarkt-altmarzahn.html;Dorfkirche Marzahn, Alt-Marzahn 61, 12685 Berlin, Deutschland
29;Weihnachtsmarkt im Spree-Center;Marzahn-Hellersdorf;Hellersdorfer Straße 77;12627;Berlin;26.11.2012;24.12.2012;0,00 €;http://www.weihnachteninberlin.de/weihnachtsmaerkte/marzahn-hellersdorf/2806681-1328117-weihnachtsmarktimmarktplatzcenterhellers.html;Hellersdorfer Straße 77, 12627 Berlin, Deutschland
30;Alt-Kaulsdorfer Weihnachtsmarkt;Marzahn-Hellersdorf;Dorfstr. 12;12621;Berlin;08.12.2012;08.12.2012;0,00 €;http://www.weihnachteninberlin.de/weihnachtsmaerkte/marzahn-hellersdorf/1304741-1328117-altkaulsdorferweihnachtsmarkt.html;Dorfstr. 12, 12621 Berlin, Deutschland
31;Weihnachten im Eastgate Berlin;Marzahn-Hellersdorf;Marzahner Promenade 1A;12679;Berlin;26.11.2012;24.12.2012;0,00 €;http://www.weihnachteninberlin.de/weihnachtsmaerkte/marzahn-hellersdorf/1001300-1328117-weihnachtenimeastgateberlin.html;Marzahner Promenade 1A, 12679 Berlin, Deutschland
32;Weihnachtsmarkt im Marktplatz Center Hellersdorf;Marzahn-Hellersdorf;Stendaler Str. 24;12627;Berlin;26.11.2012;24.12.2012;0,00 €;http://www.weihnachteninberlin.de/weihnachtsmaerkte/marzahn-hellersdorf/1001220-1328117-weihnachtsmarktimmarktplatzcenterhellers.html;Stendaler Str. 24, 12627 Berlin, Deutschland
33;Weihnachtsmarkt am Gendarmenmarkt;Mitte;Gendarmenmarkt 1;10117;Berlin;26.11.2012;31.12.2012;1,00 €;http://www.weihnachteninberlin.de/weihnachtsmaerkte/mitte/971676-1328132-weihnachtszaubergendarmenmarkt.html;Gendarmenmarkt 1, 10117 Berlin, Deutschland
34;Weihnachtsmarkt am Opernpalais;Mitte;Unter den Linden 3 (Höhe);10117;Berlin;26.11.2012;26.12.2012;0,00 €;http://www.weihnachteninberlin.de/weihnachtsmaerkte/mitte/971793-1328132-weihnachtsmarktamopernpalais.html;Unter den Linden 3 (Höhe), 10117 Berlin, Deutschland
35;Weihnachtsmarkt am Roten Rathaus;Mitte;Rathausstr. 15 (Höhe);10178;Berlin;26.11.2012;31.12.2012;0,00 €;http://www.weihnachteninberlin.de/weihnachtsmaerkte/mitte/971790-1328132-weihnachtsmarktamrotenrathaus.html;Rathausstr. 15 (Höhe), 10178 Berlin, Deutschland
36;Weihnachtsmarkt am Potsdamer Platz;Mitte;Alte Potsdamer Straße 1;10785;Berlin;19.11.2012;26.12.2012;0,00 €;http://www.weihnachteninberlin.de/weihnachtsmaerkte/mitte/971680-1328132-winterweltampotsdamerplatz.html;Alte Potsdamer Straße 1, 10785 Berlin, Deutschland
37;Weihnachtsmarkt @ Sony Center;Mitte;Potsdamer Straße 4;10785;Berlin;01.12.2012;01.01.2013;0,00 €;http://www.weihnachteninberlin.de/weihnachtsmaerkte/mitte/1011948-1328132-sternenzaubersonycenter.html;Potsdamer Straße 4, 10785 Berlin, Deutschland
38;Weihnachtsmarkt auf dem Alexanderplatz;Mitte;Alexanderplatz;10178;Berlin;;26.12.2012;0,00 €;http://www.weihnachteninberlin.de/weihnachtsmaerkte/mitte/1304487-1328132-weihnachtsmarktaufdemalexanderplatz.html;Alexanderplatz, 10178 Berlin, Deutschland
39;Weihnachtsbasar im Lichthof des Auswärtigen Amts;Mitte;Werderscher Markt 1;10117;Berlin;08.12.2012;09.12.2012;0,00 €;http://www.weihnachteninberlin.de/weihnachtsmaerkte/2832239-955635-weihnachtsbasar-im-lichthof-des-auswaert.html;Werderscher Markt 1, 10117 Berlin, Deutschland
40;Weihnachtsmarkt der Herzen;Mitte;Schwyzer Straße 7;13349;Berlin;02.12.2012;02.12.2012;0,00 €;http://www.weihnachteninberlin.de/weihnachtsmaerkte/mitte/2832442-1328132-weihnachtsmarkt-der-herzen.html;Schwyzer Straße 7, 13349 Berlin, Deutschland
41;TrendMafia Designer-Weihnachtsmarkt;Mitte;Karl-Liebknecht-Str. 11;10178;Berlin;03.11.2012;23.12.2012;0,00 €;http://www.weihnachteninberlin.de/weihnachtsmaerkte/mitte/2162759-1328132-trendmafia-designerweihnachtsmarkt.html;Karl-Liebknecht-Str. 11, 10178 Berlin, Deutschland
42;Chanukka-Markt im Jüdischen Museum;Mitte;Jüdischen Museums Berlin, Lindenstraße 9-14;10969;Berlin;02.12.2012;09.12.2012;0,00 €;http://www.weihnachteninberlin.de/weihnachtsmaerkte/mitte/971670-1328132-chanukkamarktimj%C3%BCdischenmuseum.html;Jüdischen Museums Berlin, Lindenstraße 9-14, 10969 Berlin, Deutschland
43;Weihnachtsmarkt auf dem Leopoldplatz;Mitte;Nazarethkirchstraße 61;13347;Berlin;27.11.2012;08.12.2012;0,00 €;http://www.weihnachteninberlin.de/weihnachtsmaerkte/mitte/2180418-1328132-weihnachtsmarkt-auf-dem-leopoldplatz.html;Nazarethkirchstraße 61, 13347 Berlin, Deutschland
44;CJD Weihnachtsbasar;Mitte;Reichstagufer 14;10117;Berlin;26.12.2012;23.12.2012;0,00 €;http://www.weihnachteninberlin.de/weihnachtsmaerkte/mitte/1304845-1328132-cjdweihnachtsbasar.html;Reichstagufer 14, 10117 Berlin, Deutschland
45;Weihnachtsmarkt Jannowitzbrücke und Alexanderplatz;Mitte;Voltairestraße 25;10179;Berlin;01.12.2012;23.12.2012;0,00 €;http://www.weihnachteninberlin.de/weihnachtsmaerkte/mitte/1018390-1328132-zwischenjannowitzbr%C3%BCckeundalexanderplat.html;Voltairestraße 25, 10179 Berlin, Deutschland
46;Weihnachts- und Umweltmarkt am Koppenplatz;Mitte;Koppenplatz;10115;Berlin;15.12.2012;16.12.2012;0,00 €;http://www.weihnachteninberlin.de/weihnachtsmaerkte/mitte/1001302-1328132-weihnachtsundumweltmarktindersophienstra.html;Koppenplatz, 10115 Berlin, Deutschland
47;Holy.Shit.Shopping - Weihnachtsmarkt;Mitte;Straße der Pariser Kommune 8;10243;Berlin;;;;http://www.weihnachteninberlin.de/weihnachtsmaerkte/mitte/1305903-1328132-holy-shit-shopping-design-weihnachtsmark.html;Straße der Pariser Kommune 8, 10243 Berlin, Deutschland
48;Adventsmarkt in den Heckmannhöfen;Mitte;Heckmannhöfe, Oranienburger Straße 32;10117;Berlin;;;;http://www.weihnachteninberlin.de/weihnachtsmaerkte/mitte/2118965-1328132-adventsmarkt-in-den-heckmannhoefen.html;Heckmannhöfe, Oranienburger Straße 32, 10117 Berlin, Deutschland
49;Mittelalterlicher Weihnachtsmarkt am Gutshof zu Schloss Britz;Neukölln;Alt-Britz 73;12359;Berlin;15.12.2012;26.12.2012;0,00 €;http://www.weihnachteninberlin.de/weihnachtsmaerkte/neukoelln/1305778-1328136-mittelalterlicherweihnachtsmarktamgutsho.html;Alt-Britz 73, 12359 Berlin, Deutschland
50;Adventsbasar in Neu-Buckow;Neukölln;Marienfelder Chaussee 66-72;12349;Berlin;01.12.2012;01.12.2012;0,00 €;http://www.weihnachteninberlin.de/weihnachtsmaerkte/neukoelln/1321777-1328136-adventsbasarinneubuckow.html;Marienfelder Chaussee 66-72, 12349 Berlin, Deutschland
51;Rudower Adventsmeile;Neukölln;Alt-Rudow 1;12357;Berlin;08.12.2012;09.12.2012;0,00 €;http://www.weihnachteninberlin.de/weihnachtsmaerkte/1305982-955635-rudoweradventsmeile.html;Alt-Rudow 1, 12357 Berlin, Deutschland
52;Britzer Adventsmarkt;Neukölln;Backbergstr. 38;12345;Berlin;02.12.2012;02.12.2012;0,00 €;http://www.weihnachteninberlin.de/weihnachtsmaerkte/neukoelln/1304747-1328136-britzeradventsmarkt.html;Backbergstr. 38, 12345 Berlin, Deutschland
53;Alt - Rixdorfer Weihnachtsmarkt;Neukölln;Richardplatz 28;12055;Berlin;07.12.2012;09.12.2012;0,00 €;http://www.weihnachteninberlin.de/weihnachtsmaerkte/neukoelln/1001438-1328136-historischerweihnachtsmarkt.html;Richardplatz 28, 12055 Berlin, Deutschland
54;Alt-Buckower Adventsmarkt;Neukölln;Alt-Buckow 2;12349;Berlin;01.12.2012;02.12.2012;0,00 €;http://www.weihnachteninberlin.de/weihnachtsmaerkte/neukoelln/1304481-1328136-altbuckoweradventsmarkt.html;Alt-Buckow 2, 12349 Berlin, Deutschland
55;Weihnachtsrodeo - Designweihnachtsmarkt;Pankow;Stadtbad Oderberger Straße,  Oderberger Str. 57;10435;Berlin;08.12.2012;09.12.2012;0,00 €;http://www.weihnachteninberlin.de/weihnachtsmaerkte/pankow/2178781-1328139-weihnachtsrodeo-designweihnachtsmarkt.html;Stadtbad Oderberger Straße,  Oderberger Str. 57, 10435 Berlin, Deutschland
56;Adventsmarkt St. Elisabeth-Stift;Pankow;Eberswalder Str. 17;10437;Berlin;01.12.2012;01.12.2012;0,00 €;http://www.weihnachteninberlin.de/weihnachtsmaerkte/pankow/2806629-1328139-elisabethstift.html;Eberswalder Str. 17, 10437 Berlin, Deutschland
57;Weihnachtsmarkt Schönhauser Allee Arcaden;Pankow;Schönhauser Allee 78-80;10439;Berlin;26.11.2012;24.12.2012;0,00 €;http://www.weihnachteninberlin.de/weihnachtsmaerkte/pankow/2806617-1328139-arcaden.html;Schönhauser Allee 78-80, 10439 Berlin, Deutschland
58;Lucia Weihnachtsmarkt in der Kulturbrauerei;Pankow;Schönhauser Allee 36;10435;Berlin;26.11.2012;23.12.2012;0,00 €;http://www.weihnachteninberlin.de/weihnachtsmaerkte/pankow/971171-1328139-luciaweihnachtsmarktinderkulturbrauerei.html;Schönhauser Allee 36, 10435 Berlin, Deutschland
59;Adventsmarkt am Kollwitzplatz;Pankow;Husemannstr. 1;10435;Berlin;02.12.2012;23.12.2012;0,00 €;http://www.weihnachteninberlin.de/weihnachtsmaerkte/pankow/971805-1328139-adventsmarktkollwitzplatz.html;Husemannstr. 1, 10435 Berlin, Deutschland
60;Blankenburger Weihnachtsfest;Pankow;Dorfanger Blankenburg, Alt-Blankenburg;13129;Berlin;02.12.2012;02.12.2012;0,00 €;http://www.weihnachteninberlin.de/weihnachtsmaerkte/pankow/2178294-1328139-blankenburger-weihnachtsfest.html;Dorfanger Blankenburg, Alt-Blankenburg, 13129 Berlin, Deutschland
61;Weihnachtsmarkt auf dem Kinderbauernhof Pinke-Panke;Pankow;Am Bürgerpark 15;13156;Berlin;08.12.2012;08.12.2012;0,00 €;http://www.weihnachteninberlin.de/weihnachtsmaerkte/pankow/1322079-1328139-weihnachtsmarktaufdemkinderbauernhofpink.html;Am Bürgerpark 15, 13156 Berlin, Deutschland
62;Weihnachtsmarkt der Sinne;Pankow;Blankenfelder Str. 106;13127;Berlin;01.12.2012;01.12.2012;0,00 €;http://www.weihnachteninberlin.de/weihnachtsmaerkte/pankow/1321981-1328139-weihnachtsmarktdersinne.html;Blankenfelder Str. 106, 13127 Berlin, Deutschland
63;"Weihnachtsmarkt ""Buch trifft Musik""";Pankow;Kesselhaus, Schönhauser Allee 36;10435;Berlin;;;;http://www.weihnachteninberlin.de/weihnachtsmaerkte/pankow/2171991-1328139-weihnachtsmarkt-buch-trifft-musik.html;Kesselhaus, Schönhauser Allee 36, 10435 Berlin, Deutschland
64;Weihnachtsmarkt in den Hallen Am Borsigturm;Reinickendorf;Am Borsigturm 2;13507;Berlin;;;;http://www.weihnachteninberlin.de/weihnachtsmaerkte/reinickendorf/1001524-1328154-weihnachtsmarktindenhallenamborsigturm.html;Am Borsigturm 2, 13507 Berlin, Deutschland
65;Weihnachtsmarkt im „Clou“;Reinickendorf;Kurt-Schumacher-Platz 1;13405;Berlin;;;;http://www.weihnachteninberlin.de/weihnachtsmaerkte/reinickendorf/1001505-1328154-weihnachtsmarktimclou.html;Kurt-Schumacher-Platz 1, 13405 Berlin, Deutschland
66;Weihnachtsmarkt vor der Johanneskirche Frohnau;Reinickendorf;Zeltinger Platz 18;13465;Berlin;;;;http://www.weihnachteninberlin.de/weihnachtsmaerkte/reinickendorf/2805858-1328154-30-weihnachtsmarkt-in-der-lindenkirche.html;Zeltinger Platz 18, 13465 Berlin, Deutschland
67;Advent im Forstamt Tegel;Reinickendorf;Forstamt Tegel, Ruppiner Chaussee 78;13503;Berlin;;;;http://www.weihnachteninberlin.de/weihnachtsmaerkte/reinickendorf/2163475-1328154-wildschwein-und-reh-aus-dem-berliner-wal.html;Forstamt Tegel, Ruppiner Chaussee 78, 13503 Berlin, Deutschland
68;Kunsthandwerklicher Weihnachtsmarkt in Frohnau;Reinickendorf;Zeltinger Platz 1;13465;Berlin;;;;http://www.weihnachteninberlin.de/weihnachtsmaerkte/reinickendorf/1304788-1328154-kunsthandwerklicherweihnachtsmarktinfroh.html;Zeltinger Platz 1, 13465 Berlin, Deutschland
69;Adventsbasar der Kirchengemeinde Lübars;Reinickendorf;Evangelische Kirchengemeinde Lübars, Alt-Hermsdorf 35;13469;Berlin;;;;http://www.weihnachteninberlin.de/weihnachtsmaerkte/reinickendorf/1305304-1328154-adventsbasarderkirchengemeindel%C3%BCbars.html;Evangelische Kirchengemeinde Lübars, Alt-Hermsdorf 35, 13469 Berlin, Deutschland
70;Adventsmarkt der Ev. Kirchengemeinde;Reinickendorf;Alt-Wittenau 29;13437;Berlin;;;;http://www.weihnachteninberlin.de/weihnachtsmaerkte/reinickendorf/1308712-1328154-adventsmarktderevkirchengemeindefrohnau.html;Alt-Wittenau 29, 13437 Berlin, Deutschland
71;Weihnachtsbasar auf der Familienfarm Lübars;Reinickendorf;Alte Fasanerie 10;13469;Berlin;;;;http://www.weihnachteninberlin.de/weihnachtsmaerkte/reinickendorf/1310444-1328154-weihnachtsbasaraufderfamilienfarml%C3%BCbars.html;Alte Fasanerie 10, 13469 Berlin, Deutschland
72;Weihnachtsmarkt in Tegel;Reinickendorf;Berliner Straße 100;13507;Berlin;;;;http://www.weihnachteninberlin.de/weihnachtsmaerkte/reinickendorf/1319569-1328154-weihnachtsmarktintegel.html;Berliner Straße 100, 13507 Berlin, Deutschland
73;39. Spandauer Weihnachtsmarkt in der Altstadt;Spandau;Altstadt Berlin-Spandau, Carl-Schurz-Straße;13597;Berlin;;;;http://www.weihnachteninberlin.de/weihnachtsmaerkte/spandau/971839-1328177-spandauerweihnachtsmarkt.html;Altstadt Berlin-Spandau, Carl-Schurz-Straße, 13597 Berlin, Deutschland
74;Spandauer Weihnachtstraum vor dem Rathaus Spandau;Spandau;Carl-Schurz-Straße;13597;Berlin;;;;http://www.weihnachteninberlin.de/weihnachtsmaerkte/spandau/2171233-1328177-spandauer-weihnachtstraum-vor-dem-rathau.html;Carl-Schurz-Straße, 13597 Berlin, Deutschland
75;Kladower Christkindlmarkt 2012;Spandau;Imchenplatz 1;14089;Berlin;;;;http://www.weihnachteninberlin.de/weihnachtsmaerkte/spandau/1305091-1328177-kladowerchristkindlmarkt.html;Imchenplatz 1, 14089 Berlin, Deutschland
76;Goldnetz Weihnachtsmarkt auf dem Marktplatz Spandau;Spandau;Zitadellenweg 34;13599;Berlin;;;;http://www.weihnachteninberlin.de/weihnachtsmaerkte/spandau/2183752-1328177-goldnetz-weihnachtsmarkt-auf-dem-marktpl.html;Zitadellenweg 34, 13599 Berlin, Deutschland
77;Weihnachtsmarkt auf dem Vierfelderhof in Gatow;Spandau;Vierfelderhof Bauer Bathe gemeinnützige GmbH, Straße 264, Nr. 33;14089;Berlin;;;;http://www.weihnachteninberlin.de/weihnachtsmaerkte/spandau/1341474-1328177-weihnachtsmarktaufdemvierfelderhofingato.html;Vierfelderhof Bauer Bathe gemeinnützige GmbH, Straße 264, Nr. 33, 14089 Berlin, Deutschland
78;Gatower Weihnachtsmarkt;Spandau;Buchwaldzeile 43;14089;Berlin;;;;http://www.weihnachteninberlin.de/weihnachtsmaerkte/spandau/1304796-1328177-gatowerweihnachtsmarkt.html;Buchwaldzeile 43, 14089 Berlin, Deutschland
79;Weihnachtsmarkt im Evangelischen Johannesstift;Spandau;Schönwalder Allee 26;13587;Berlin;;;;http://www.weihnachteninberlin.de/weihnachtsmaerkte/spandau/1305293-1328177-weihnachtsmarktimevangelischenjohannesst.html;Schönwalder Allee 26, 13587 Berlin, Deutschland
80;Weihnachtsmarkt Forum-Steglitz;Steglitz-Zehlendorf;Schlossstrasse 1;12163;Berlin;;;;http://www.weihnachteninberlin.de/weihnachtsmaerkte/steglitz-zehlendorf/1001677-1328178-weihnachtsmarktamforumsteglitz.html;Schlossstrasse 1, 12163 Berlin, Deutschland
81;2. Zehlendorfer Weihnachtsmarkt;Steglitz-Zehlendorf;Kirchstraße 1;14160;Berlin;;;;http://www.weihnachteninberlin.de/weihnachtsmaerkte/steglitz-zehlendorf/2196318-1328178-1-zehlendorfer-weihnachtsmarkt.html;Kirchstraße 1, 14160 Berlin, Deutschland
82;Weihnachtsmarkt auf der Domäne Dahlem;Steglitz-Zehlendorf;Königin-Luise-Straße 49;14195;Berlin;;;;http://www.weihnachteninberlin.de/weihnachtsmaerkte/steglitz-zehlendorf/971933-1328178-adventsmarktdom%C3%A4nedahlem.html;Königin-Luise-Straße 49, 14195 Berlin, Deutschland
83;Märchenhafter Weihnachtsmarkt im Jagdschloss Grunewald;Steglitz-Zehlendorf;Hüttenweg 100;14193;Berlin;;;;http://www.weihnachteninberlin.de/weihnachtsmaerkte/steglitz-zehlendorf/1304439-1328178-m%C3%A4rchenhafterweihnachtsmarktimjagdschlo.html;Hüttenweg 100, 14193 Berlin, Deutschland
84;Advent-Künstlerstation am Bahnhof Mexikoplatz;Steglitz-Zehlendorf;Mexikoplatz 4;14163;Berlin;;;;http://www.weihnachteninberlin.de/weihnachtsmaerkte/steglitz-zehlendorf/1001672-1328178-adventk%C3%BCnstlerstationambahnhofmexikopla.html;Mexikoplatz 4, 14163 Berlin, Deutschland
85;Weihnachtsmarkt am Kranoldplatz;Steglitz-Zehlendorf;Ferdinandstraße 34;12209;Berlin;;;;http://www.weihnachteninberlin.de/weihnachtsmaerkte/steglitz-zehlendorf/1310767-1328178-weihnachtsmarktamkranoldplatz.html;Ferdinandstraße 34, 12209 Berlin, Deutschland
86;Adventsbasar der Ev. Kirchengemeinde Berlin-Wannsee;Steglitz-Zehlendorf;Wilhelmplatz;14109;Berlin;;;;http://www.weihnachteninberlin.de/weihnachtsmaerkte/steglitz-zehlendorf/2805762-1328178-30-weihnachtsmarkt-in-der-lindenkirche.html;Wilhelmplatz, 14109 Berlin, Deutschland
87;Großer Adventsbasar im Gemeindehaus;Steglitz-Zehlendorf;Kirchweg 6;14129;Berlin;;;;http://www.weihnachteninberlin.de/weihnachtsmaerkte/steglitz-zehlendorf/2805723-1328178-30-weihnachtsmarkt-in-der-lindenkirche.html;Kirchweg 6, 14129 Berlin, Deutschland
88;Adventsbasar St. Michael;Steglitz-Zehlendorf;Hohenzollernstr. 28;14109;Berlin;;;;http://www.weihnachteninberlin.de/weihnachtsmaerkte/steglitz-zehlendorf/2805677-1328178-30-weihnachtsmarkt-in-der-lindenkirche.html;Hohenzollernstr. 28, 14109 Berlin, Deutschland
89;Weihnachtsmarkt auf dem Ferdinandmarkt;Steglitz-Zehlendorf;Ferdinandstr. 34-35;12209;Berlin;;;;http://www.weihnachteninberlin.de/weihnachtsmaerkte/steglitz-zehlendorf/2805669-1328178-30-weihnachtsmarkt-in-der-lindenkirche.html;Ferdinandstr. 34-35, 12209 Berlin, Deutschland
90;Adventsbasar der schönen Dinge in der Villa Mittelhof;Steglitz-Zehlendorf;Königstr. 42;14163;Berlin;;;;http://www.weihnachteninberlin.de/weihnachtsmaerkte/steglitz-zehlendorf/2832392-1328178-weihnachtsbasar-im-lichthof-des-auswaert.html;Königstr. 42, 14163 Berlin, Deutschland
91;Weihnachtlicher Kunstmarkt;Steglitz-Zehlendorf;Seehofstr. 12;14169;Berlin;;;;http://www.weihnachteninberlin.de/weihnachtsmaerkte/steglitz-zehlendorf/2805650-1328178-30-weihnachtsmarkt-in-der-lindenkirche.html;Seehofstr. 12, 14169 Berlin, Deutschland
92;Weihnachtshaus in der Villa Donnersmarck;Steglitz-Zehlendorf;Schädestraße 9;14165;Berlin;;;;http://www.weihnachteninberlin.de/weihnachtsmaerkte/steglitz-zehlendorf/1305315-1328178-weihnachtshausindervilladonnersmarck.html;Schädestraße 9, 14165 Berlin, Deutschland
93;Weihnachtsmarkt bei der BVG;Steglitz-Zehlendorf;Schloßstraße 37;12163;Berlin;;;;http://www.weihnachteninberlin.de/weihnachtsmaerkte/steglitz-zehlendorf/2221424-1328178-weihnachtsmarkt-bei-der-bvg.html;Schloßstraße 37, 12163 Berlin, Deutschland
94;Weihnachtsmarkt Winterfeldtplatz;Tempelhof-Schöneberg;Gleditschstr. 1;10781;Berlin;;;;http://www.weihnachteninberlin.de/weihnachtsmaerkte/tempelhof-schoeneberg/971834-1328179-weihnachtsmarktwinterfeldtplatz.html;Gleditschstr. 1, 10781 Berlin, Deutschland
95;Friedenauer Engelmarkt;Tempelhof-Schöneberg;Lauterstraße 16;12159;Berlin;;;;http://www.weihnachteninberlin.de/weihnachtsmaerkte/tempelhof-schoeneberg/1308642-1328179-friedenauerengelsmarkt.html;Lauterstraße 16, 12159 Berlin, Deutschland
96;36. Lichtenrader Lichtermarkt;Tempelhof-Schöneberg;Kronbergstr. 1;12309;Berlin;;;;http://www.weihnachteninberlin.de/weihnachtsmaerkte/tempelhof-schoeneberg/1310676-1328179-lichtenraderlichtermarkt.html;Kronbergstr. 1, 12309 Berlin, Deutschland
97;28. Marienfelder Weihnachtsmarkt des TSV Marienfelde;Tempelhof-Schöneberg;Alt-Marienfelde 36;12277;Berlin;;;;http://www.weihnachteninberlin.de/weihnachtsmaerkte/tempelhof-schoeneberg/2805896-1328179-weihnachtsmarktaufdemschlossplatzk%C3%B6peni.html;Alt-Marienfelde 36, 12277 Berlin, Deutschland
98;"Weihnachtsmarkt ""Rund um die Dorfkirche"" Marienfelde";Tempelhof-Schöneberg;Evangelische Kirchengemeinde Marienfelde, An der Dorfkirche 5;12277;Berlin;;;;http://www.weihnachteninberlin.de/weihnachtsmaerkte/tempelhof-schoeneberg/2111870-1328179-weihnachtsmarkt-rund-um-die-dorfkirche-m.html;Evangelische Kirchengemeinde Marienfelde, An der Dorfkirche 5, 12277 Berlin, Deutschland
99;Weihnachtsmarkt auf Lehmanns Bauernhof;Tempelhof-Schöneberg;Alt-Marienfelde 35;12277;Berlin;;;;http://www.weihnachteninberlin.de/weihnachtsmaerkte/tempelhof-schoeneberg/1305912-1328179-weihnachtsmarktauflehmannsbauernhof.html;Alt-Marienfelde 35, 12277 Berlin, Deutschland
100;Weihnachtsmarkt in der Bahnhofstraße Lichtenrade;Tempelhof-Schöneberg;Kronbergstraße 1;12309;Berlin;;;;http://www.weihnachteninberlin.de/weihnachtsmaerkte/tempelhof-schoeneberg/1001683-1328179-30weihnachtsmarktinderbahnhofstra%C3%9Felich.html;Kronbergstraße 1, 12309 Berlin, Deutschland
101;Nikolausmarkt vor der Zwölf-Apostel- Kirche;Tempelhof-Schöneberg;An der Apostelkirche 1;10783;Berlin;;;;http://www.weihnachteninberlin.de/weihnachtsmaerkte/tempelhof-schoeneberg/1307258-1328179-nikolausmarktvorderzw%C3%B6lfapostelkirche.html;An der Apostelkirche 1, 10783 Berlin, Deutschland
102;Adventsmarkt Kirche zum Heilsbronnen;Tempelhof-Schöneberg;Heilbronner Str. 20;10779;Berlin;;;;http://www.weihnachteninberlin.de/weihnachtsmaerkte/tempelhof-schoeneberg/1308619-1328179-adventsmarktkirchezumheilsbronnen.html;Heilbronner Str. 20, 10779 Berlin, Deutschland
103;Weihnachtsmarkt im Natur-Park Schöneberger Südgelände;Tempelhof-Schöneberg;Prellerweg 49;12157;Berlin;;;;http://www.weihnachteninberlin.de/weihnachtsmaerkte/tempelhof-schoeneberg/1343758-1328179-weihnachtsmarktimnaturparksch%C3%B6nebergers.html;Prellerweg 49, 12157 Berlin, Deutschland
104;Weihnachtsmarkt in der Späth'schen Baumschule;Treptow-Köpenick;Späthstr. 80;12437;Berlin;;;;http://www.weihnachteninberlin.de/weihnachtsmaerkte/treptow-koepenick/1307266-1328180-weihnachtsmarktindersp%C3%A4thschebaumschule.html;Späthstr. 80, 12437 Berlin, Deutschland
105;Weihnachtsmarkt auf dem Schlossplatz Köpenick;Treptow-Köpenick;Grünstraße 11;12555;Berlin;;;;http://www.weihnachteninberlin.de/weihnachtsmaerkte/treptow-koepenick/1305665-1328180-weihnachtsmarktaufdemschlossplatzk%C3%B6peni.html;Grünstraße 11, 12555 Berlin, Deutschland
106;3. Altglienicker Adventsmarkt;Treptow-Köpenick;Pfarrkirche Altglienicke, Semmelweisstraße 2 - 6;12524;Berlin;;;;http://www.weihnachteninberlin.de/weihnachtsmaerkte/treptow-koepenick/1344394-1328180-altglienickeradventsmarkt.html;Pfarrkirche Altglienicke, Semmelweisstraße 2 - 6, 12524 Berlin, Deutschland
107;Müggelheimer Weihnachtsmarkt;Treptow-Köpenick;Alt-Müggelheim 21;12559;Berlin;;;;http://www.weihnachteninberlin.de/weihnachtsmaerkte/treptow-koepenick/2805882-1328180-weihnachtsmarktaufdemschlossplatzk%C3%B6peni.html;Alt-Müggelheim 21, 12559 Berlin, Deutschland
108;Weihnachtlicher Markt in Friedrichshagen;Treptow-Köpenick;Bölschestraße 105;12587;Berlin;;;;http://www.weihnachteninberlin.de/weihnachtsmaerkte/treptow-koepenick/1305646-1328180-weihnachtlichermarktinfriedrichshagen.html;Bölschestraße 105, 12587 Berlin, Deutschland
109;Lichtermarkt an der Christuskirche Oberschöneweide;Treptow-Köpenick;Firlstr. 16;12459;Berlin;;;;http://www.weihnachteninberlin.de/weihnachtsmaerkte/treptow-koepenick/1308658-1328180-lichtermarktanderchristuskirche.html;Firlstr. 16, 12459 Berlin, Deutschland
110;17. Alternativer Weihnachtsmarkt Friedrichshagen;Treptow-Köpenick;Schöneicher Str. 2;12587;Berlin;;;;http://www.weihnachteninberlin.de/weihnachtsmaerkte/treptow-koepenick/971949-1328180-weihnachtsmarktfriedrichshagen.html;Schöneicher Str. 2, 12587 Berlin, Deutschland
